"Title: Hospital Emergency Room Visits per 1,000 Population by Ownership Type | The Henry J. Kaiser Family Foundation"
"Timeframe: 1999 - 2015"
"Location","1999__State/Local Government","1999__Non-Profit","1999__For-Profit","1999__Total","2000__State/Local Government","2000__Non-Profit","2000__For-Profit","2000__Total","2001__State/Local Government","2001__Non-Profit","2001__For-Profit","2001__Total","2002__State/Local Government","2002__Non-Profit","2002__For-Profit","2002__Total","2003__State/Local Government","2003__Non-Profit","2003__For-Profit","2003__Total","2004__State/Local Government","2004__Non-Profit","2004__For-Profit","2004__Total","2005__State/Local Government","2005__Non-Profit","2005__For-Profit","2005__Total","2006__State/Local Government","2006__Non-Profit","2006__For-Profit","2006__Total","2007__State/Local Government","2007__Non-Profit","2007__For-Profit","2007__Total","2008__State/Local Government","2008__Non-Profit","2008__For-Profit","2008__Total","2009__State/Local Government","2009__Non-Profit","2009__For-Profit","2009__Total","2010__State/Local Government","2010__Non-Profit","2010__For-Profit","2010__Total","2011__State/Local Government","2011__Non-Profit","2011__For-Profit","2011__Total","2012__State/Local Government","2012__Non-Profit","2012__For-Profit","2012__Total","2013__State/Local Government","2013__Non-Profit","2013__For-Profit","2013__Total","2014__State/Local Government","2014__Non-Profit","2014__For-Profit","2014__Total","2015__State/Local Government","2015__Non-Profit","2015__For-Profit","2015__Total"
"United States","63.5711","259.7544","41.4997","364.8251","60.207","260.4629","44.8587","365.5286","60.5957","266.5835","44.4802","371.6593","63.1279","271.7844","46.8991","381.8114","62.9637","270.2116","48.7851","381.9604","61.9468","272.3036","49.2038","383.4543","61.7869","274.3231","50.899","387.0089","64.523","279.14","52.562","343.663","65.948","282.3158821","52.27601789","348.2638821","66.8993","284.101798","53.18483184","404.1859096","66.323","293.452","54.868","414.64","64.7854","291.3962781","55.16294862","411.3445771","63.61886435","293.7675041","58.10374819","415.4901166","63","300","61","424","61","300","62","423","61","300","66","428","63","310","67","440"
"Alabama","198.6921","173.5833","78.3739","450.6492","191.7043","171.6075","101.8472","465.1589","184.0759","154.1539","100.5911","438.8209","200.8732","173.9031","107.9344","482.7107","192.2073","168.1041","116.1574","476.4688","182.5027","157.9695","107.3823","447.8544","188.4928","155.9088","114.1347","458.5363","226.9228","118.1015","132.5589","345.0243","237.0290228","128.8740714","120.978398","365.9030942","236.1099946","127.4669351","122.1039863","485.680916","234.55","128.372","122.634","485.56","240.151606","124.4996654","116.9659653","481.6172368","232.1917593","126.7174041","120.1976231","479.1067865","243","133","111","488","234","132","106","472","254","127","103","484","262","102","144","508"
"Alaska","29.6739","196.8329","38.4052","264.912","24.9101","234.4975","38.9244","298.332","32.1129","250.1747","42.6744","324.962","42.7261","312.0851","42.0698","396.881","28.3211","234.7859","66.0409","329.1479","25.4806","297.401","62.3758","385.2574","24.9633","384.7205","82.6291","492.3129","37.3577","774.4822","89.0737","811.8399","38.92883165","335.1592882","107.1958424","374.0881199","38.5075386","365.7242507","72.66412352","476.8959128","35.026","315.294","74.212","424.53","42.49949229","299.8956561","72.98192539","415.3770737","36.43245932","335.4695659","63.51504435","435.4170696","39","296","63","398","38","253","59","350","38","307","67","413","37","333","71","441"
"Arizona","19.0037","213.364","48.1189","280.4866","21.7879","203.1111","69.4221","294.321","16.5004","185.2049","62.846","264.5513","28.7933","197.8249","59.9178","286.536","30.3695","220.7078","68.2486","319.3259","23.8763","221.5731","59.0194","304.4688","25.201","246.5196","72.8007","344.5213","24.5017","242.7665","68.9991","267.2682","23.96574722","237.3761093","73.53384064","261.3418565","19.50617728","252.4134236","62.28920095","334.2088019","31.412","243.065","49.519","324","21.60924279","270.8619016","56.92671839","349.3978627","17.30486299","266.1010017","55.21302117","338.6188859","19","264","69","353","22","225","65","312","22","221","66","309","23","252","62","337"
"Arkansas","44.2597","317.7093","58.7613","420.7303","41.0242","329.1912","66.6548","436.8702","42.168","318.9662","67.1635","428.2977","42.0527","326.2633","83.9869","452.303","43.2855","328.9778","86.4958","458.759","39.7789","322.3276","81.7691","443.8756","45.6536","324.6177","85.0439","455.3152","44.1535","315.5917","91.3577","359.7452","45.28190202","322.2590542","88.9710974","367.5409562","39.48616413","330.6290197","83.66343953","453.7786233","47.114","318.95","102.894","468.96","49.7644104","315.067124","106.3644448","471.1959792","44.88355268","328.4744138","100.1823328","473.5402994","47","320","102","469","41","332","114","486","42","305","109","456","45","348","106","499"
"California","60.9053","176.4959","43.0068","280.408","59.4422","182.2885","43.6936","285.4243","59.5972","193.8826","43.7057","297.1856","65.0057","179.3683","44.5104","288.8844","58.2748","161.6972","41.1562","261.1281","58.8437","180.4983","40.6408","279.9828","56.6438","167.8272","37.8494","262.3204","63.4039","179.9761","40.1071","243.38","56.85658567","181.9847037","34.89709455","238.8412894","60.6177559","177.683217","36.94536067","275.2463336","59.336","188.751","37.461","285.55","60.07135918","194.5355802","38.44373464","293.050674","59.2026846","191.9533983","42.68989121","293.8459741","58","214","39","312","60","214","41","315","61","227","39","327","64","243","44","351"
"Colorado","60.9632","213.7437","51.8366","326.5435","62.6009","204.5908","51.0822","318.2738","47.5735","216.8892","47.3021","311.7649","79.3626","203.8171","50.3009","333.4806","59.8681","193.0807","51.505","304.4538","55.9752","182.9976","53.4371","292.4099","60.4066","200.5503","61.1896","322.1465","60.252","190.616","63.0819","250.868","62.51405169","196.4749672","59.49585674","258.9890189","69.95726426","198.9016482","59.60836949","328.467282","72.778","208.278","62.328","343.38","71.09525693","202.4962612","58.61870431","332.2102224","68.31692109","213.1400766","56.83186802","338.2888657","45","245","61","350","47","257","53","356","51","249","57","357","51","256","71","378"
"Connecticut","45.5377","364.2135","N/A","409.7512","5.9395","373.7956","8.3353","388.0703","5.2197","381.8543","N/A","387.074","6.1146","396.4411","N/A","402.5557","6.2263","382.3439","4.9","393.4702","7.6365","395.6174","2.3456","405.5995","7.8693","404.1671","2.8554","414.8918","8.4116","406.6806","3.4513","415.0922","8.543506584","405.5236131","3.367492703","414.0671197","8.645329113","422.9345588","3.639808024","435.219696","8.165","444.896","3.886","456.95","8.073360538","452.6371142","3.660255186","464.3707299","8.288080716","445.7881678","4.081448299","458.1576969","8","445","4","458","8","439","5","452","8","429","4","441","9","451","4","464"
"Delaware","N/A","378.5821","N/A","378.5821","N/A","363.9777","N/A","363.9777","N/A","337.5127","N/A","337.5127","N/A","379.2244","N/A","379.2244","N/A","367.2238","N/A","367.2238","N/A","392.3674","N/A","392.3674","N/A","392.7218","N/A","392.7218","N/A","449.0605","N/A","449.0605","N/A","397.4645105","N/A","397.4645105","N/A","410.7868995","4.614185396","415.4010849","N/A","438.849","4.773","443.62","N/A","447.5659864","4.385570074","451.9515565","N/A","459.9405156","N/A","459.9405156","N/A","477","N/A","477","N/A","477","0","477","N/A","482","0","482","0","491","0","491"
"District of Columbia","101.0482","402.9981","132.0674","636.1137","N/A","371.803","125.3209","497.1239","N/A","402.3809","187.5292","589.9102","N/A","460.7129","159.4007","620.1136","N/A","441.1875","203.7391","644.9267","N/A","497.5146","177.7121","675.2268","N/A","414.1576","201.1927","615.3503","N/A","502.8448","174.1335","502.8448","N/A","518.0267622","266.3881202","518.0267622","N/A","484.962903","255.4832106","740.4461135","N/A","507.132","255.458","762.59","83.39606222","495.1253447","133.919428","712.4408349","74.3788569","523.8829117","137.6643727","735.9261413","80","592","116","788","81","552","113","746","N/A","634","121","755","0","626","115","741"
"Florida","60.2286","181.7517","121.2332","363.2136","56.3874","186.8209","133.2635","376.4718","59.2869","181.2014","119.0059","359.4941","60.0615","195.2037","141.5457","396.8108","65.1578","190.5113","136.5959","392.265","65.7141","193.5446","130.844","390.1027","62.4911","197.7184","127.8796","388.0891","74.3485","189.6313","132.8101","263.9798","74.11774639","185.1850858","128.9408617","259.3028322","81.14339446","185.9289885","121.6138644","388.6862473","83.523","195.13","124.693","403.35","85.18278567","192.0637577","123.9487127","401.1952561","81.70556509","189.819425","125.7401769","397.265167","76","217","128","421","75","220","137","431","76","224","155","456","79","234","135","448"
"Georgia","111.4308","187.9672","67.0693","366.4674","112.264","204.3321","63.506","380.102","102.6631","213.1414","59.3226","375.1271","98.0821","220.0419","59.6494","377.7734","112.75","231.7389","63.7722","408.2611","112.2259","213.1771","66.2427","391.6457","111.7072","227.1646","64.5075","403.3793","102.9417","218.6558","66.9083","321.5975","100.7869247","218.847534","72.9931114","319.6344587","103.2495078","220.5038896","72.54565399","396.2990514","83.822","253.935","77.517","415.27","77.14154838","267.0104268","77.56378398","421.7157591","80.18763898","259.4525736","71.615069","411.2552816","71","274","74","419","60","285","77","422","58","283","66","408","68","299","63","430"
"Hawaii","41.1068","150.9536","10.0152","202.0756","49.2121","148.9232","10.9243","209.0596","41.8036","178.232","14.2567","234.2923","31.1801","220.067","N/A","251.2471","30.1805","234.11","N/A","264.2904","47.9565","210.2139","N/A","258.1704","38.7056","225.5595","N/A","264.2651","53.7096","212.0918","N/A","265.8014","48.67974455","215.4679645","N/A","264.1477091","57.15579492","223.2895087","N/A","280.4453037","45.151","251.162","N/A","296.31","44.52996837","223.8019215","N/A","268.3318899","46.92231279","218.8554192","N/A","265.777732","47","241","N/A","287","43","243","N/A","286","53","252","N/A","305","66","276","0","342"
"Idaho","135.4526","152.5294","43.0782","331.0602","131.698","139.518","43.5169","314.7329","138.1403","128.9933","44.325","311.4586","131.5113","157.4776","42.4026","331.3916","142.4924","155.0876","45.3654","342.9454","135.7649","168.9623","39.1337","343.8608","137.3615","177.3911","42.0235","356.7761","111.7217","196.4105","41.2008","308.1322","107.0913604","200.2658393","40.36942728","307.3571997","105.7927105","195.7098696","39.53765157","341.0402316","77.753","193.67","61.284","332.71","72.88046072","192.7340991","46.01991791","311.6344777","55.05119514","203.6295007","68.38920937","327.0699052","73","207","60","340","64","217","86","366","69","212","103","384","74","229","106","409"
"Illinois","35.6186","319.1735","9.7175","364.5097","30.4333","319.9081","11.2535","361.5949","33.0874","322.4004","10.6021","366.0898","30.008","331.1161","12.2401","373.3641","33.4756","330.277","21.0234","384.7761","35.7539","332.6132","20.8431","389.2102","36.214","342.9581","14.1915","393.3635","34.2825","342.1107","21.1282","376.3932","31.18494481","342.0730271","21.08702492","373.2579719","32.0733065","341.1927661","25.63678107","398.9028537","33.241","355.654","22.615","411.51","31.1088403","350.3382266","36.36346365","417.8105305","28.09097718","354.8002325","38.1872061","421.0784158","27","355","38","421","26","350","31","408","30","345","34","409","31","366","36","433"
"Indiana","109.806","230.035","16.9426","356.7835","115.2227","225.5372","18.3363","359.0962","124.0096","245.5068","19.8174","389.3338","118.4025","254.4377","23.0185","395.8588","115.9022","261.7046","24.4528","402.0596","126.4756","270.2945","24.8088","421.579","101.3348","268.4433","44.2321","414.0102","128.7965","267.673","32.672","396.4695","165.7071884","265.2895715","54.42005872","430.9967599","137.6550508","294.9771215","43.41868873","476.050861","131.459","293.415","42.924","467.8","130.0753811","308.4714082","52.18684006","490.7336293","107.0245888","330.6949455","44.90824852","482.6277827","106","338","46","491","100","330","47","476","101","324","70","494","92","344","72","508"
"Iowa","103.6574","262.8572","N/A","366.5147","101.2794","257.4712","N/A","358.7505","103.1503","256.1157","3.3609","362.627","105.7455","259.5056","N/A","365.2512","102.1653","260.2672","N/A","362.4326","102.7013","258.238","N/A","360.9393","104.3478","272.7299","N/A","377.0777","105.2306","272.435","N/A","377.6656","108.4340736","281.5549024","N/A","389.988976","116.8512088","292.8259208","0","409.6771295","118.103","291.071","0","409.17","115.2113048","277.4362164","8.440323776","401.087845","118.9162745","288.764357","8.097654872","415.7782864","122","292","7","422","122","289","6","418","118","291","6","415","124","307","6","437"
"Kansas","75.4639","246.8576","24.7199","347.0414","81.2971","225.3284","23.6782","330.3037","80.4643","230.3369","25.0991","335.9003","83.8301","238.6431","24.3144","346.7877","82.9137","223.9948","39.9841","346.8926","79.9847","220.726","40.8838","341.5946","84.0322","221.8558","43.3255","349.2136","82.7958","226.0295","44.1593","308.8253","87.20218358","226.812565","47.36208288","314.0147486","91.18584387","228.938201","47.61571116","367.739756","90.398","230.75","48.665","369.81","89.67325821","218.840859","48.06536445","356.5794817","88.49680844","225.4313531","48.82235351","362.7505151","88","242","56","386","90","229","70","390","92","233","79","404","93","234","90","417"
"Kentucky","43.723","402.8658","55.899","502.4877","47.7519","376.8208","57.9916","482.5644","51.8774","382.5873","53.6395","488.1043","53.9522","402.8031","59.051","515.8063","51.4534","405.342","62.2434","519.0388","46.222","429.4551","69.3171","544.9942","51.0911","415.5382","69.7724","536.4017","49.5231","400.4572","71.3654","449.9803","47.60892086","426.2805808","69.56449574","473.8895017","53.56616046","421.9372933","70.07202308","545.5754768","45.427","425.792","66.903","538.12","45.25424813","431.8697935","72.00778783","549.1318295","51.56894706","410.2379904","76.42688697","538.2338245","55","417","77","549","53","398","68","519","55","403","71","528","58","433","74","565"
"Louisiana","261.475","138.683","98.948","499.106","245.2446","142.0587","92.3885","479.6917","246.0958","141.2684","120.3585","507.7227","257.3781","162.0165","132.1527","551.5474","249.2413","164.9113","141.9492","556.1018","233.7439","156.6218","157.461","547.8266","184.9656","161.9466","129.556","476.4682","210.0305","172.8702","111.2826","382.9007","221.1523142","179.3923606","110.6038753","400.5446748","225.1823144","192.8672341","117.0244813","535.0740299","237.047","200.408","108.065","545.52","226.7923176","226.4151359","100.0231502","553.2306037","224.2787937","213.5167132","97.03053664","534.8260436","209","243","99","552","179","281","100","559","173","319","97","589","179","319","75","573"
"Maine","25.5227","437.1943","N/A","462.7171","28.8261","498.7426","0","527.5687","29.5137","515.7614","0","545.2751","25.4337","522.1717","0","547.6054","25.9234","516.544","0","542.4674","22.9759","518.1481","0","541.124","24.9465","527.8451","0","552.7916","24.5667","551.659","0","576.2257","24.16704436","521.1094384","0","545.2764828","25.2490924","566.4606336","0","591.709726","24.743","576.479","0","601.22","23.90990436","571.3466816","0","595.2565859","24.12867018","552.0517198","N/A","576.18039","23","572","N/A","595","21","578","0","599","20","560","0","580","22","704","0","726"
"Maryland","N/A","314.2456","8.2164","322.4619","N/A","323.7502","8.6849","332.435","N/A","334.9758","9.5221","344.4979","N/A","347.089","9.5031","356.5921","0","367.4115","9.8666","377.2781","N/A","379.3642","9.4272","388.7914","N/A","376.9415","9.4923","386.4338","N/A","400.0047","10.4155","400.0047","N/A","395.373441","11.40425008","395.373441","N/A","391.4126237","11.93711226","403.3497359","N/A","414.815","11.492","426.31","N/A","414.6497518","10.6329401","425.2826919","N/A","412.3223414","10.5917009","422.9140423","N/A","423","11","434","N/A","429","0","429","N/A","392","0","392","0","412","0","412"
"Massachusetts","19.2955","403.4252","18.743","441.4637","11.5643","389.1208","26.19","426.8751","10.6894","402.4621","11.5157","424.6673","16.6548","413.3772","18.8455","448.8776","26.5347","407.9513","21.8253","456.3112","13.6327","413.0122","22.0463","448.6912","13.5139","413.9941","18.0109","445.519","14.0371","443.089","30.761","457.1261","15.00785689","447.7804196","31.36568753","462.7882765","15.19180206","439.009902","22.53623582","476.7379399","14.82","434.785","23.057","472.66","14.74885676","437.6321247","28.50476739","480.8857488","14.50854495","417.9866424","35.61735934","468.1125466","14","387","75","476","14","379","88","481","14","373","85","472","15","377","86","478"
"Michigan","28.5099","328.4638","0.7491","357.7228","28.1745","343.8208","0","371.9953","29.5861","345.6127","0","375.1987","30.2349","369.2495","1.7125","401.1969","28.0694","364.9608","2.7219","395.7521","28.9155","380.7394","1.5746","411.2294","29.1497","382.9562","1.4496","413.5555","28.8121","397.8926","1.604","426.7047","28.62074012","415.054992","0","443.6757321","26.80943517","412.6862062","3.201304156","442.6969455","28.353","424.199","2.684","455.24","27.92740404","429.5260152","3.248469715","460.7018889","28.1922254","406.5552197","38.67132688","473.4187719","29","416","39","484","29","423","41","493","25","416","44","486","26","435","43","504"
"Minnesota","62.7458","223.0462","N/A","285.792","54.0091","240.8984","N/A","294.9075","56.2603","245.9993","N/A","302.2596","60.4387","259.0247","N/A","319.4634","57.426","254.9122","N/A","312.3381","54.41","251.4285","N/A","305.8385","60.0458","274.4967","0.3985","334.941","56.2844","275.7554","N/A","332.0398","57.87840245","274.5202084","N/A","332.3986109","55.80370159","283.1618446","N/A","338.9655462","55.118","300.625","0","355.74","51.1013478","293.9183337","0.000188303","345.0198698","51.08597817","309.5377685","0.00018701","360.6239337","51","301","N/A","353","45","312","N/A","357","45","311","N/A","357","44","314","0","358"
"Mississippi","268.7264","138.2299","109.4813","516.4376","260.7413","137.1737","121.2755","519.1905","258.0477","143.9538","123.2614","525.2628","267.3133","147.0569","128.5781","542.9484","271.1572","155.7441","127.2902","554.1915","266.9479","158.9489","126.3762","552.2731","276.9462","171.9322","123.8898","572.7682","278.5515","169.7768","120.9919","448.3283","291.9594968","166.8961571","135.9606823","458.8556539","277.1755914","178.5534512","120.63926","576.3683027","274.501","178.255","130.165","582.92","272.8599923","174.0002478","127.5297673","574.3900074","279.8710443","185.5791704","126.0636174","591.5138321","280","186","126","592","282","189","128","600","269","191","140","600","270","178","143","591"
"Missouri","65.7595","341.9633","33.329","441.0517","67.162","317.2588","30.6538","415.0746","69.1761","330.9253","33.477","433.5785","69.1937","329.2616","38.2983","436.7536","71.5381","342.2315","45.1974","458.967","75.1936","312.1155","57.4536","444.7627","75.4394","313.9833","62.0972","451.5199","74.2655","313.2378","65.0061","387.5033","73.27451362","314.5817367","67.66041526","387.8562503","75.79207684","330.9194328","73.51836322","480.2298729","74.723","337.032","71.585","483.34","77.75967937","340.3631381","60.82537514","478.9481926","80.97708365","347.6487872","62.75087436","491.3767452","81","361","63","505","73","361","60","494","70","359","62","491","76","374","62","512"
"Montana","17.5389","280.6546","N/A","298.1935","10.2316","289.6478","N/A","299.8793","14.9003","289.9441","N/A","304.8444","11.0318","293.0516","N/A","304.0834","12.4456","316.2259","N/A","328.6715","12.1014","305.4654","N/A","317.5668","11.9124","320.9555","N/A","332.868","12.8792","339.366","0","352.2452","19.42557427","351.1323668","0","370.5579411","21.75747778","336.3597391","0","358.1172168","10.089","356.136","0","366.23","9.77799935","351.0492503","0","360.8272496","12.50617691","357.9681397","N/A","370.4743166","12","353","N/A","365","10","361","0","371","10","355","0","365","12","325","64","401"
"Nebraska","43.4507","233.4583","18.0669","294.9758","44.5229","229.5652","17.7461","291.8341","50.0937","253.6405","13.6638","317.3979","48.7507","235.7609","11.3298","295.8414","38.9548","249.8142","17.96","306.729","50.5234","251.1489","14.0768","315.7491","50.2064","251.5557","13.4925","315.2546","45.4199","252.5059","14.9924","297.9258","54.35792651","284.1486759","16.58428995","338.5066024","64.44460532","272.6155462","21.96022445","359.020376","70.709","294.343","18.177","383.23","68.73743805","291.5278331","22.60562961","382.8709008","69.14376784","299.7963342","20.10819472","389.0482968","69","290","4","362","59","308","4","371","52","313","11","376","64","305","9","378"
"Nevada","91.8003","74.8978","124.7034","291.4015","83.3589","84.7275","115.9524","284.0389","77.7888","70.4386","113.7746","262.002","64.1425","101.1832","123.6446","288.9702","75.1679","103.5712","100.7561","279.4952","58.9486","104.0367","96.8178","259.803","63.0299","107.9546","124.3701","295.3545","52.4994","103.0999","124.4113","155.5993","50.14107061","118.9791618","123.9530799","169.1202324","53.27987302","109.974799","135.1276029","298.3822749","52.59","123.015","135.009","310.61","53.37157376","126.3838246","123.6766271","303.4320254","50.71271325","127.6762592","123.3770388","301.7660112","51","110","153","314","55","115","162","333","39","113","169","320","36","115","182","333"
"New Hampshire","N/A","369.9263","39.5535","409.4797","N/A","383.9087","40.2065","424.1152","N/A","384.5123","42.317","426.8293","N/A","389.6305","42.2417","431.8721","N/A","381.8671","43.2651","425.1322","N/A","391.2239","42.3748","433.5987","N/A","403.4078","71.9579","475.3658","N/A","415.3539","45.3164","415.3539","N/A","426.605149","44.36370103","426.605149","N/A","428.7457485","43.17135093","471.9170994","N/A","432.948","40.992","473.94","N/A","435.1388523","71.86736525","507.0062175","N/A","437.1717558","76.83219166","514.0039475","N/A","422","72","493","N/A","454","75","529","N/A","414","71","485","0","428","77","505"
"New Jersey","9.2318","344.6778","0","353.9095","7.4212","330.9561","0","338.3772","8.5231","336.7945","0","345.3176","6.0746","334.7103","2.1312","342.9161","8.6498","327.2246","2.3002","338.1746","9.0518","337.1743","2.3065","348.5325","9.4588","340.3032","3.9512","353.7132","10.2766","361.5698","3.9059","371.8464","18.27486323","340.637031","6.726978835","358.9118942","15.91973496","359.0644225","11.79087005","386.7750275","20.999","375.952","3.206","400.16","13.78063866","361.556231","6.521069294","381.8579389","11.03729547","370.0867017","12.14666183","393.270659","11","383","24","418","11","375","17","403","9","375","20","404","9","362","19","390"
"New Mexico","61.6067","195.3514","37.6919","294.65","62.1983","184.5566","45.5937","292.3487","71.7841","164.2105","53.2057","289.2002","76.1542","224.8764","79.977","381.0077","76.8199","188.0726","94.4558","359.3483","82.9782","176.5533","121.7616","381.2931","61.2533","156.4628","167.7692","385.4853","60.8005","164.8848","174.7009","225.6853","62.2509093","167.7184041","100.0073607","229.9693134","69.50753562","165.1606155","153.1360308","387.804182","69.813","166.492","176.268","412.57","64.59796353","200.1735778","144.07541","408.8469514","55.09570043","191.4340584","164.7280911","411.25785","57","172","152","381","53","169","175","397","56","188","213","457","57","210","223","490"
"New York","68.1587","318.2694","6.0117","392.4398","60.8003","311.2979","10.8567","382.9547","62.5286","317.4871","10.686","390.7017","70.7271","317.0414","2.862","390.6306","69.0122","318.3035","2.2127","389.5285","64.0321","329.0389","1.758","394.8289","70.5574","324.2081","0.7352","395.5007","70.9299","338.0319","2.0353","408.9618","85.05379053","338.6717681","0.858753898","423.7255586","85.02788889","331.7671565","0","416.7950454","85.234","351.908","N/A","437.14","82.45150919","333.3747759","N/A","415.8262851","84.59709185","347.7906651","N/A","432.387757","87","341","N/A","428","87","352","N/A","438","84","351","N/A","435","86","351","0","437"
"North Carolina","111.4699","243.0223","17.323","371.8152","108.4928","240.5535","20.3116","369.3579","111.9477","260.5477","21.6596","394.155","113.7832","265.7398","20.4647","399.9877","112.0128","273.51","22.1906","407.7134","118.1915","266.2581","23.4123","407.862","133.5888","277.5563","25.1867","436.3318","135.3347","284.9733","13.7369","420.308","139.7690682","290.6393002","18.59004581","430.4083684","140.718627","292.484028","17.39295656","450.5956116","139.259","295.221","18.502","452.98","152.1651597","275.2520039","18.10154789","445.5187115","148.8098303","296.1882181","15.90170574","460.8997542","157","297","22","476","152","297","26","476","153","286","30","469","156","294","30","480"
"North Dakota","N/A","311.1387","83.3199","394.4586","N/A","306.9108","80.8118","387.7226","N/A","341.0044","67.1036","408.108","N/A","388.8432","76.6385","465.4817","N/A","413.1891","N/A","413.1891","N/A","399.8205","N/A","399.8205","N/A","415.2016","N/A","415.2016","N/A","412.8008","N/A","412.8008","N/A","427.2152443","1.449082795","427.2152443","N/A","435.6608218","15.01042217","450.671244","N/A","457.605","11.117","468.72","N/A","512.2335244","11.94367968","524.1772041","N/A","597.117154","N/A","597.117154","N/A","596","3","598","N/A","454","0","454","N/A","487","0","487","0","509","0","509"
"Ohio","39.6661","385.5238","10.657","435.8469","41.5227","393.7811","16.4364","451.7402","39.014","404.9169","6.1513","450.0822","41.1622","400.1731","7.956","449.2913","41.0878","422.2978","4.7282","468.1138","40.4447","426.7503","4.5219","471.7169","44.4909","437.2539","5.8826","487.6275","46.5914","454.31","8.5757","500.9014","43.99996965","464.3343978","7.778027869","508.3343675","45.56295276","467.8305271","9.131448867","522.5249287","47.35","481.17","9.25","537.77","46.79633175","478.0283459","28.51515345","553.3398312","45.26961989","486.0990033","32.3890281","563.7576513","45","493","32","569","42","484","34","560","41","494","36","571","41","511","35","587"
"Oklahoma","95.6381","192.9305","60.5212","349.0898","81.1017","185.6875","61.6237","328.4129","93.3398","197.1408","63.3272","353.8079","92.175","204.5448","73.6995","370.4192","102.8311","218.1545","74.5257","395.5113","100.297","200.9765","84.2154","385.4889","90.1485","197.3536","115.5038","403.0059","95.8067","217.0541","121.7718","312.8608","103.1026872","224.1932969","120.2018292","327.2959841","110.2080804","223.6716268","117.7157127","451.5954199","125.395","202.822","144.736","472.95","126.1006321","216.0434293","126.4791842","468.6232455","125.8579506","220.5288197","141.802824","488.1895944","125","228","147","500","107","235","144","486","106","231","141","479","114","238","127","479"
"Oregon","29.4335","238.7986","9.6241","277.8562","36.5654","248.0096","9.3669","293.9418","26.7273","274.8868","14.6307","316.2448","28.1943","276.1687","13.0234","317.3865","28.6601","267.145","16.5021","312.3072","26.7146","274.6901","18.0271","319.4319","26.6596","288.5354","19.0194","334.2144","29.2226","290.3914","19.0421","319.614","28.52949535","303.0955675","15.71172969","331.6250629","29.62259228","307.4527537","14.53585272","351.6111987","27.134","302.502","13.329","342.97","28.22850061","279.31571","12.73522991","320.2794405","27.60436365","321.5236223","13.87146418","362.9994501","28","317","15","360","29","313","15","356","28","318","17","363","27","337","19","383"
"Pennsylvania","0.3677","383.6516","0.805","384.8242","0.3427","382.5139","1.9183","384.7749","0.3452","387.2519","8.6829","396.28","0.3444","391.2076","18.7993","410.3513","0.3305","395.8511","20.9886","417.1702","0","400.5979","25.1609","425.7588","0.3213","401.28","32.0116","433.6129","0.4389","418.9414","30.7778","419.3803","0.407792554","430.288064","33.55030793","430.6958566","4.859558466","430.9522847","42.19747504","478.0093182","0.405","433.302","43.063","476.77","0.37239479","435.9879871","45.17456448","481.5349463","0.381043614","439.8274381","47.97092706","488.1794088","0","437","51","489","0","442","48","490","0","422","67","488","0","442","65","507"
"Rhode Island","N/A","425.5742","N/A","425.5742","N/A","418.8761","N/A","418.8761","N/A","426.1836","N/A","426.1836","N/A","438.5646","N/A","438.5646","N/A","431.1569","N/A","431.1569","N/A","399.5061","N/A","399.5061","N/A","423.667","N/A","423.667","N/A","439.6213","N/A","439.6213","N/A","459.0747869","N/A","459.0747869","N/A","469.6877652","N/A","469.6877652","N/A","476.851","N/A","476.85","N/A","470.2778838","N/A","470.2778838","N/A","516.4679635","N/A","516.4679635","N/A","551","N/A","551","N/A","461","36","497","N/A","447","37","484","0","480","37","517"
"South Carolina","149.9446","167.9023","113.2818","431.1286","109.3375","228.673","117.2227","455.2332","122.0769","204.5222","126.8249","453.424","122.8758","197.2321","118.3005","438.4083","121.1456","195.3476","119.2002","435.6933","113.588","182.6455","107.3772","403.6107","125.8155","173.3503","110.4209","409.5866","131.5847","181.3387","124.3879","312.9234","126.2181782","184.4624951","118.2793601","310.6806733","119.9363575","199.1379617","114.8902578","433.9645769","126.975","218.383","130.812","476.17","87.23075582","142.0439349","84.2710758","313.5457665","108.3929551","163.7622535","88.95164666","361.1068553","71","153","81","304","74","174","82","330","130","206","123","459","132","238","135","505"
"South Dakota","21.1558","240.7817","N/A","261.9375","16.0967","243.3428","N/A","259.4395","16.4003","251.9442","10.2261","278.5706","16.267","255.4386","1.9107","273.6164","16.8374","262.1188","1.9035","280.8597","15.9248","261.0518","2.2372","279.2138","14.2628","261.4924","11.2753","287.0304","13.9613","261.4212","6.486","275.3825","13.34691427","264.9011447","5.759758055","278.248059","13.40158005","268.2230166","15.68116619","297.3057629","12.196","268.255","15.736","296.19","17.6958417","282.2920328","17.67991936","317.6677939","15.04869517","277.3505846","13.29661617","305.6958959","16","315","8","339","17","316","12","345","16","315","17","347","18","285","13","316"
"Tennessee","108.1576","259.4715","104.5428","472.1719","93.3924","260.871","101.9543","456.2177","94.7315","278.3903","98.6102","471.7319","100.0939","290.6351","95.5844","486.3133","101.7805","307.9218","94.4719","504.1742","102.6648","295.7768","103.399","501.8406","101.5441","296.5446","116.0931","514.1819","98.7919","243.4474","119.6786","342.2393","97.05737748","294.8088097","136.5053367","391.8661872","103.6850512","274.7911371","142.5741965","521.0503848","99.633","277.836","146.95","524.42","80.23301306","264.9838435","147.2655605","492.4824171","75.9256519","250.4239594","160.0984533","486.4480646","87","248","171","505","86","254","180","520","82","254","184","520","88","265","177","530"
"Texas","73.2513","179.5456","99.9863","352.7832","71.3378","178.4906","102.2394","352.0678","69.9531","187.7563","108.088","365.7973","71.6728","204.3054","103.2678","379.246","73.3331","197.8814","104.9942","376.2088","70.6512","185.849","97.9987","354.4988","71.0722","187.4694","99.354","357.8956","69.9694","179.2432","104.9973","249.2126","68.19026471","184.4422654","100.6206812","252.6325301","64.49947725","189.3748388","108.9946261","362.8689421","62.821","199.563","118.458","380.84","63.43788922","204.8760995","117.2829564","385.5969451","61.91969984","207.1461449","116.7689186","385.8347634","59","213","128","401","59","206","128","393","59","201","129","389","60","198","130","388"
"Utah","25.5283","192.3627","105.055","322.946","18.1666","181.3244","111.5491","311.0401","21.2113","184.4165","101.416","307.0438","18.3091","201.5811","124.2338","344.124","17.4175","176.1862","121.0742","314.678","18.8127","195.2156","128.4459","342.4742","18.9962","179.7353","123.8733","322.6049","18.1459","166.2586","121.7177","184.4045","16.579784","206.130048","117.8809449","222.709832","18.83408138","174.6798991","120.4461632","313.9601436","18.568","170.002","122.173","310.74","17.97931113","160.85827","121.8670189","300.7046","18.60218374","166.2875971","118.964719","303.8544998","19","170","124","313","19","176","112","306","20","212","124","355","21","194","128","343"
"Vermont","N/A","371.3747","N/A","371.3747","N/A","387.4809","N/A","387.4809","N/A","387.9329","N/A","387.9329","N/A","374.1726","N/A","374.1726","N/A","405.8268","N/A","405.8268","N/A","421.1656","N/A","421.1656","N/A","411.506","N/A","411.506","N/A","419.5203","N/A","419.5203","N/A","417.9627012","N/A","417.9627012","N/A","490.648886","N/A","490.648886","N/A","575.452","N/A","575.45","N/A","563.6270688","N/A","563.6270688","N/A","473.4596037","N/A","473.4596037","N/A","483","N/A","483","N/A","482","N/A","482","N/A","522","N/A","522","0","524","0","524"
"Virginia","33.1085","249.0772","51.278","333.4637","32.9223","253.4617","62.1111","348.4951","32.1589","250.2661","62.7001","345.1251","32.5691","267.2715","57.7858","357.6264","26.3629","267.1471","81.2056","374.7155","26.2582","271.3422","92.1154","389.7158","25.8309","262.8763","93.5231","382.2302","26.4984","281.3694","92.6496","307.8678","26.07593712","276.0793409","92.12974795","302.155278","25.94419495","291.0122657","79.57501734","396.531478","26.758","300.763","78.369","405.89","25.90989701","304.3658034","75.59488509","405.8705855","25.94941207","315.6888913","78.85312443","420.4914278","26","328","86","440","26","325","88","439","26","317","94","438","27","317","96","440"
"Washington","79.9121","238.3035","9.7487","327.9643","87.662","226.8028","12.4213","326.8861","91.7232","246.4265","6.1513","344.301","88.1379","220.8749","10.1629","319.1757","95.331","219.6491","16.1421","331.1222","93.6159","218.5075","21.4633","333.5867","92.4397","232.8674","16.5079","341.8149","94.8713","225.2946","16.6716","320.1659","94.80949301","250.917998","16.62707949","345.727491","100.331964","247.4154643","15.59516624","363.3425946","92.26","267.813","16.453","376.53","81.30229449","242.8104339","15.56469156","339.6774199","78.16710089","238.6627989","23.4194265","340.2493263","82","235","30","347","89","225","21","335","84","237","25","346","86","258","29","373"
"West Virginia","66.3557","403.818","84.3979","554.5716","62.9726","409.9222","84.2975","557.1922","64.7715","429.7721","92.2298","586.7734","66.5428","444.6524","98.4052","609.6004","69.4216","422.1073","122.6212","614.1501","70.9327","431.9726","120.6567","623.562","72.3875","446.7772","122.4051","641.5699","75.0164","441.2448","112.6633","516.2612","78.35941359","464.6902516","103.4648889","543.0496652","77.12771086","475.5770789","99.21851281","651.9233026","82.312","490.843","98.073","671.23","68.28632348","489.1392701","94.10385157","651.5294451","67.38339583","488.7568548","99.83837473","655.9786254","70","491","98","660","62","475","92","628","61","472","105","639","63","476","105","644"
"Wisconsin","1.4991","326.4869","0.2699","328.2559","1.5521","330.4623","0.2871","332.3016","1.5668","343.4198","0.2775","345.2641","1.5223","335.2285","0.28","337.0308","1.6261","329.3983","0.2861","331.3105","1.5915","329.9906","6.6018","338.1839","1.5381","350.3051","3.7396","355.5828","1.5276","369.3527","4.3753","370.8803","0.745674481","370.501139","4.786276876","371.2468135","1.103665677","361.5872457","4.54384721","367.2347586","1.12","361.803","5.014","367.94","1.094701906","372.9206594","5.588075446","379.6034368","1.177615567","369.0367669","2.987647821","373.2020302","1","375","3","379","1","361","4","365","1","377","4","382","1","414","7","422"
"Wyoming","246.4752","86.1986","51.7492","384.4229","257.3885","96.4848","48.2717","402.145","253.6134","94.4989","50.3382","398.4505","265.4732","110.3562","50.9051","426.7346","261.1873","110.8361","51.3134","423.3367","276.6705","98.8719","50.3195","425.8619","273.242","103.1038","53.4633","429.8091","277.9484","102.023","51.617","379.9714","279.1117572","97.41598608","58.38609108","376.5277433","277.1036866","102.6246714","60.03215874","439.7605168","275.295","98.429","60.275","434","264.2047266","90.16050739","55.33784502","409.703079","263.7832331","86.6704503","51.65716058","402.110844","254","90","55","398","251","98","52","401","249","97","52","398","260","101","53","414"

"Notes"
"Data are for community hospitals, which represent 85% of all hospitals. Federal hospitals, long term care hospitals, psychiatric hospitals, institutions for the intellectually disabled, and alcoholism and other chemical dependency hospitals are not included. "
""
"Figures may not sum to totals due to rounding."

"Sources"
"1999 - 2015 AHA Annual Survey, Copyright 2016 by Health Forum, LLC, an affiliate of the American Hospital Association. Special data request, 2016. Available at [http://www.ahaonlinestore.com](http://www.ahaonlinestore.com/ProductDisplay.asp?ProductID=637)."
""
"Population data from Annual Population Estimates by State, U.S. Census Bureau; available at [http://www.census.gov/popest/](http://www.census.gov/popest/)."

"Definitions"
"*Emergency Room Visits*: Should reflect the number of visits to the emergency unit. Emergency outpatients can be admitted to the inpatient areas of the hospital, but they are still counted as emergency visits and subsequently as inpatient admissions."
""
"*Community Hospitals*: All nonfederal, short-term general, and specialty hospitals whose facilities and services are available to the public."
""
"*N/A*: Not applicable when state/local government, non-profit, or for-profit hospitals do not exist in the state."


