"Title: Hospital Admissions per 1,000 Population by Ownership Type | The Henry J. Kaiser Family Foundation"
"Timeframe: 1999 - 2015"
"Location","1999__State/Local Government","1999__Non-Profit","1999__For-Profit","1999__Total","2000__State/Local Government","2000__Non-Profit","2000__For-Profit","2000__Total","2001__State/Local Government","2001__Non-Profit","2001__For-Profit","2001__Total","2002__State/Local Government","2002__Non-Profit","2002__For-Profit","2002__Total","2003__State/Local Government","2003__Non-Profit","2003__For-Profit","2003__Total","2004__State/Local Government","2004__Non-Profit","2004__For-Profit","2004__Total","2005__State/Local Government","2005__Non-Profit","2005__For-Profit","2005__Total","2006__State/Local Government","2006__Non-Profit","2006__For-Profit","2006__Total","2007__State/Local Government","2007__Non-Profit","2007__For-Profit","2007__Total","2008__State/Local Government","2008__Non-Profit","2008__For-Profit","2008__Total","2009__State/Local Government","2009__Non-Profit","2009__For-Profit","2009__Total","2010__State/Local Government","2010__Non-Profit","2010__For-Profit","2010__Total","2011__State/Local Government","2011__Non-Profit","2011__For-Profit","2011__Total","2012__State/Local Government","2012__Non-Profit","2012__For-Profit","2012__Total","2013__State/Local Government","2013__Non-Profit","2013__For-Profit","2013__Total","2014__State/Local Government","2014__Non-Profit","2014__For-Profit","2014__Total","2015__State/Local Government","2015__Non-Profit","2015__For-Profit","2015__Total"
"United States","16.8078","87.5369","14.321","118.6657","15.9342","86.6564","14.674","120.0024","16.255","87.6295","14.7206","118.6051","16.2801","88.2879","15.1591","119.7271","15.9359","88.2708","15.4084","119.6151","16.1066","87.7106","15.6626","119.4798","15.9853","87.2847","15.576","118.846","16.228","86.3505","15.8383","118.417","16.4684","85.37957104","15.33870517","117.1866932","16.5015","85.08851287","15.89916533","117.4891765","15.8209","83.983","15.918","115.72","15.1708","82.53284198","15.91999661","113.6236054","14.75653977","80.82856808","16.23917798","111.8242858","14","79","17","110","13","77","16","106","13","74","16","104","13","74","16","104"
"Alabama","63.451","63.524","26.3615","153.3364","57.9293","63.1905","31.723","153.0455","59.3697","62.1784","31.8007","153.3488","56.6932","62.2819","32.0302","151.0053","57.6658","63.1091","36.6492","157.4241","57.5024","63.3746","37.2776","158.1546","58.77","59.5401","37.009","155.3191","68.4657","40.3931","40.0933","148.9521","69.05969963","41.5834477","39.77893843","150.4220858","69.34013816","40.16300286","37.46666997","146.969811","67.3805","37.7424","36.2722","141.4","63.25603964","36.22762887","34.74182799","134.2254965","60.89986258","36.34998019","32.94697055","130.1968133","68","36","32","135","67","36","30","133","67","35","28","130","62","28","37","127"
"Alaska","8.8249","48.6538","8.3567","65.8354","7.674","58.7993","8.238","74.0126","8.7834","60.592","8.1764","77.5518","7.5513","58.3945","8.1951","74.1408","7.0016","53.6065","10.3212","70.9292","7.5454","51.4553","9.9596","68.9603","6.8556","58.7227","11.3486","76.9269","5.9798","58.8324","12.4732","77.2854","6.390842134","59.43717281","16.96031182","82.78832676","6.538056312","59.54296094","18.50245232","84.58346957","5.8356","57.2048","18.8912","81.93","6.214416269","55.57399665","18.05219998","79.8406129","5.007874451","53.16497665","17.41496975","75.58782085","5","55","17","77","6","56","17","78","6","51","16","72","5","49","16","70"
"Arizona","6.3872","86.5679","14.0036","106.9587","5.6631","77.4671","21.1533","110.102","5.8393","79.4149","20.9854","106.2396","7.2801","78.6223","22.7321","108.6345","7.0461","80.4071","20.6819","108.1351","7.2204","81.0507","20.5436","108.8147","6.6896","83.2914","21.6593","111.6402","6.4953","82.39","18.9328","107.8181","5.605359412","82.58703799","18.32946691","106.5218643","4.665524096","85.28017378","20.2396322","110.1853301","7.0409","82.2409","17.661","106.94","5.09422198","88.14128175","17.76078439","110.9962881","4.485168884","88.16765536","15.71595013","108.3687744","4","82","16","103","4","77","15","96","4","74","15","93","4","72","15","91"
"Arkansas","13.8424","112.307","20.9468","147.0961","12.1908","102.7909","22.5249","141.1991","12.333","104.7358","20.7746","137.8434","12.0262","102.8531","26.8322","141.7114","11.8573","103.741","26.6591","142.2574","11.5284","100.3964","27.2884","139.2131","11.9353","98.6462","26.3446","136.9261","11.3459","95.9257","25.5344","132.8061","11.83859021","92.26586595","25.16476488","129.269221","11.07762006","93.68448729","26.40558986","131.1676972","11.697","87.0622","32.9191","131.68","12.20048152","83.58519253","30.99425453","126.7799286","11.25917194","84.87392899","27.57146134","123.7045623","11","82","26","120","11","82","26","119","11","81","24","116","11","84","23","118"
"California","15.8326","65.239","16.8036","97.8752","15.5385","66.2989","15.6722","95.7488","16.6576","65.1389","14.7151","96.5116","18.0755","64.6522","15.2736","98.0013","16.7061","64.9493","16.3033","97.9586","17.2756","63.7497","15.7476","96.7729","16.5919","63.0094","15.3871","94.9883","17.7518","62.7262","14.1123","94.5903","15.78613536","61.44920495","12.39759622","89.63293653","17.59654105","63.65033859","13.35817507","94.60505472","16.5496","63.7951","12.5439","92.89","15.51598082","62.86364241","13.29048102","91.67010425","15.22489704","61.16322837","13.65465224","90.04277765","14","60","13","87","13","59","13","85","13","57","12","82","13","58","13","84"
"Colorado","18.0921","57.5607","18.8418","94.4947","16.7597","55.9289","19.0697","95.0077","16.6323","57.5031","19.2547","93.3902","16.8758","57.896","19.9971","94.769","17.0926","60.6096","19.8811","97.5833","16.8257","58.4347","19.2676","94.528","17.0581","55.0278","17.4083","89.4942","17.0335","54.7154","16.4855","88.2344","17.12758266","54.1456727","16.34531622","87.61857158","18.23568709","54.17516934","17.18223712","89.59309355","18.229","53.2761","17.1145","88.62","17.24337012","55.76986341","15.98709941","89.00033293","16.30748146","51.9918488","16.31002236","84.60935261","11","58","17","86","11","50","17","77","11","50","16","77","11","51","16","78"
"Connecticut","2.6727","100.2577","N/A","102.9305","2.0081","99.7863","0.4347","105.1871","2.1436","102.7367","N/A","104.8803","2.3192","106.305","N/A","108.6241","2.3903","103.6829","0.7907","106.8639","2.5116","108.0859","0.7862","111.3838","2.5941","112.2898","0.8041","115.688","2.5943","112.8609","0.8281","116.2834","2.611705592","109.864378","0.847726457","113.3238101","2.572131003","110.6941271","1.104217838","114.3704759","2.5663","112.4027","0.9141","115.88","2.487508642","110.3100216","0.90381158","113.7013419","2.412512613","108.9589728","0.942365958","112.3138514","2","102","1","105","2","106","1","109","2","102","1","105","2","102","1","105"
"Delaware","N/A","115.7208","N/A","115.7208","N/A","105.949","N/A","106.1228","N/A","104.386","N/A","104.386","N/A","115.7337","N/A","115.7337","N/A","118.6483","N/A","118.6483","N/A","124.2897","N/A","124.2897","N/A","123.3907","N/A","123.3907","N/A","123.3238","N/A","123.3238","N/A","123.7759666","N/A","123.7759666","N/A","117.2126349","1.167527","118.3801619","N/A","114.2735","1.1377","115.41","N/A","111.9531791","1.114730559","113.0679097","N/A","110.0483738","0.384303249","110.432677","N/A","113","2","114","N/A","113","0","113","N/A","112","0","112","0","112","0","112"
"District of Columbia","19.6474","198.3218","48.7129","266.6821","N/A","180.4031","45.4416","255.3562","N/A","183.1466","47.17","230.3166","N/A","190.1198","50.8893","241.0091","N/A","193.3862","48.1493","241.5355","N/A","201.8606","52.1183","253.9789","N/A","193.3428","48.0458","241.3886","N/A","193.1356","45.1646","238.3002","N/A","189.2155596","42.79167488","232.0072345","N/A","186.1529232","46.46196918","232.6148924","N/A","184.2603","46.6317","230.89","8.935351467","178.0072231","31.39698206","218.3395566","8.411682983","171.0784789","33.06678298","212.5569448","9","168","32","209","9","164","32","205","N/A","163","30","193","0","160","32","192"
"Florida","19.7986","68.347","45.5346","133.6801","17.6284","67.9476","46.4702","140.1931","18.004","70.3733","46.5735","134.9508","18.9002","70.5448","49.2605","138.7055","19.4288","69.9325","45.7149","135.0762","19.439","69.0708","45.0716","133.5814","19.5689","70.0339","43.8602","133.4631","21.5066","66.3516","43.5948","131.4529","23.90155016","64.23721387","42.67561393","130.814378","23.59009325","64.68947526","41.80656211","130.0861306","23.2021","65.5782","43.5182","132.3","22.80388292","63.18576667","44.14072123","130.1303708","21.73002341","62.7777776","46.93945613","131.4472571","19","62","47","128","18","60","45","123","18","61","45","124","18","62","44","124"
"Georgia","27.6632","60.9296","17.256","105.8488","27.929","60.5613","16.3442","111.2755","26.6023","65.5983","15.445","107.6456","24.6865","64.7621","14.1493","103.598","25.7957","65.9091","14.984","106.6888","24.9301","65.3892","15.5142","105.8335","24.7045","65.4695","15.0753","105.2493","22.9198","63.5321","15.923","102.375","23.26116451","61.9596113","15.73346604","100.9542419","22.68649982","61.32201837","14.91817042","98.92668861","16.6438","65.2316","15.4743","97.35","15.3944567","67.74364029","15.84593271","98.98402969","15.39471244","67.31390497","14.76979269","97.4784101","16","66","14","96","10","71","14","95","10","70","14","93","11","70","14","95"
"Hawaii","18.5053","60.3021","4.8629","83.6704","18.1599","59.3842","4.8889","87.3205","17.9856","65.3465","5.0341","88.3662","14.996","74.8737","N/A","89.8697","14.7611","74.6984","N/A","89.4595","16.3264","74.2677","N/A","90.5941","15.4452","73.9901","N/A","89.4353","15.6409","71.7281","N/A","87.369","18.34129663","67.98333785","N/A","86.32463448","18.74590771","67.70973708","N/A","86.45564478","15.5778","70.6698","N/A","86.25","14.61623134","66.47448228","N/A","81.09071362","14.15687501","62.06167928","N/A","76.21855429","14","64","N/A","79","15","63","N/A","79","18","59","N/A","77","16","61","0","77"
"Idaho","34.0042","45.8185","15.9895","95.8121","32.1666","46.6809","15.9402","98.244","31.3061","47.123","14.2896","92.7187","28.1322","49.2255","14.2541","91.6118","33.005","53.5488","12.8731","99.4269","30.8048","48.6252","11.8734","91.3034","31.5923","47.6798","11.4435","90.7157","25.8362","59.3021","11.7544","96.8926","22.65569874","55.44610451","11.19713059","89.29893384","23.15080923","54.74021051","10.94463786","88.8356576","16.658","51.8954","15.3157","83.87","17.18794744","51.5243883","14.88879697","83.60113271","15.47851168","50.77525156","15.03588964","81.28965287","14","48","16","78","14","48","16","78","13","46","16","74","14","48","16","78"
"Illinois","6.9759","114.678","2.75","124.4039","6.6592","113.0595","3.3476","124.7228","6.6497","114.6266","3.3011","124.5775","6.866","115.8711","5.5969","128.334","6.463","115.1748","4.3798","126.0176","6.6016","113.8166","4.3772","124.7954","6.6327","114.5543","2.8455","124.0325","6.3368","112.06","5.5458","123.9426","6.253390378","112.2855172","6.435611055","124.9745187","6.194680756","111.4673462","7.764257351","125.4262843","6.0171","108.5445","6.102","120.66","5.855254071","105.6993268","8.583864757","120.1384456","5.174827633","104.0647596","8.318667421","117.5582546","5","102","8","115","5","99","7","111","6","94","7","107","6","95","7","108"
"Indiana","26.1628","81.2278","7.5808","114.9715","24.3517","82.5294","7.9522","120.2291","24.2046","84.6179","8.4341","117.2566","23.9008","82.9619","9.419","116.2816","23.6573","81.8894","9.3244","114.871","23.5755","84.2285","9.534","117.3381","20.954","80.7037","12.8472","114.5049","23.9653","79.3102","11.9174","115.1929","21.71327421","74.49038176","12.6749152","108.8785712","21.29561986","78.27094776","15.11589374","114.6824614","20.0713","75.9378","15.0673","111.08","18.98477819","76.83548308","14.85451084","110.6747721","17.84832712","83.24426255","12.07469884","113.1672885","17","82","12","112","17","78","12","107","16","75","11","103","14","75","12","101"
"Iowa","31.9166","93.2456","N/A","125.1622","30.5742","92.2464","N/A","125.7068","31.1552","94.3117","1.019","126.4859","31.4278","94.9306","N/A","126.3584","30.3238","93.0653","N/A","123.3892","30.7396","91.0426","N/A","121.7822","30.5153","91.7366","N/A","122.2519","30.3546","91.788","N/A","122.1426","31.09189082","92.15654645","N/A","123.2484373","31.51817292","93.07188041","0.103206861","124.6932602","30.5161","87.2575","0.0957","117.87","28.13189883","82.50939462","1.410218031","112.0515115","28.18154908","81.69323621","1.222219793","111.0970051","27","81","1","110","26","78","1","106","25","76","1","103","26","77","1","104"
"Kansas","25.4366","84.8951","12.632","122.9637","25.8746","76.8969","12.4521","120.0549","25.6024","80.418","13.2437","119.2641","25.7393","82.3713","13.2076","121.3182","25.882","75.454","20.2309","121.567","25.3627","75.5201","20.0933","120.9761","25.4737","74.5925","20.1698","120.2359","24.5873","73.6112","22.4641","120.6626","25.69455226","72.01917005","19.48921415","117.2029365","25.95433219","71.5338487","19.8643371","117.352518","25.2162","67.3299","19.4966","112.04","24.60155381","63.49886978","18.49313559","106.5935592","24.87261295","62.07701682","18.38498376","105.3346135","24","61","18","103","24","55","21","100","24","55","22","102","24","55","23","102"
"Kentucky","13.3301","116.5091","14.0178","143.8569","14.0008","115.3804","14.2772","147.8485","13.9007","117.3481","15.0138","146.2626","13.7167","118.2934","15.0975","147.1076","13.0584","117.6325","15.1144","145.8054","13.2939","117.7601","15.1872","146.2412","14.031","118.32","15.7503","148.1014","14.1298","116.1723","15.4584","145.7605","14.04865384","116.3529471","13.81453712","144.2161381","15.39973474","113.2037806","13.76094905","142.3644644","13.9665","111.384","13.0845","138.43","14.0120278","112.5184239","13.50791691","140.0383686","14.01273331","106.7641077","16.53173229","137.3085733","14","102","14","131","14","105","12","132","14","100","13","127","14","100","12","126"
"Louisiana","54.7175","54.6949","33.9535","143.366","54.4641","57.1993","34.7432","155.2877","53.9814","62.1086","36.7506","152.8405","49.9425","66.0139","38.6418","154.5981","49.0375","64.7841","39.7827","153.6042","52.3868","62.4219","39.6626","154.4714","45.8679","58.5003","33.0746","137.4428","47.4055","67.8323","31.6163","146.854","48.04430444","69.79076699","29.11182418","146.9468956","47.18036317","65.68216245","30.18254692","143.0450725","48.423","64.7436","29.1841","142.35","45.65792033","69.00159939","22.98520233","137.6447221","42.75628524","65.33164756","24.68672715","132.7746599","39","65","23","127","34","67","22","122","31","69","21","121","30","71","17","118"
"Maine","3.9464","112.0084","0.8635","116.8183","3.9741","110.4456","0.8534","116.5991","3.9293","110.8757","0.8741","115.6792","2.9006","108.934","0.8518","112.6864","2.5015","110.0569","0.8822","113.4406","2.3803","111.6652","0.8875","114.9329","2.4412","111.451","0.886","114.7783","2.334","111.6092","0.886","114.8292","2.25097498","111.8434688","1.20785875","115.3023025","2.316451351","109.0414347","1.270752017","112.6286381","2.2044","110.4308","1.2986","113.93","2.152810367","106.2936937","1.382981047","109.8294851","2.139936652","105.3469061","1.442933015","108.9297758","2","103","1","107","2","102","1","105","2","98","1","101","2","100","1","103"
"Maryland","N/A","108.9789","2.5044","111.4833","N/A","107.7373","2.741","114.8389","N/A","110.0137","2.9573","112.9709","N/A","113.1676","3.3191","116.4868","0.0484","113.601","3.39","117.0395","N/A","115.7902","3.1469","118.9372","N/A","118.2895","3.336","121.6255","N/A","119.7208","3.5153","123.2361","N/A","120.7599606","3.486080596","124.2460412","N/A","122.1343234","3.561093581","125.695417","N/A","122.3149","3.2222","125.54","N/A","119.0530838","3.233677533","122.2867613","N/A","113.994827","3.081903948","117.076731","N/A","109","3","112","N/A","106","0","106","N/A","102","0","102","0","99","0","99"
"Massachusetts","3.7131","108.7993","7.2212","119.7336","2.1594","107.159","7.0408","118.4773","2.1397","110.5934","7.0675","119.8006","3.252","109.0856","6.9155","119.2532","2.9396","111.4606","7.8077","122.2078","3.0395","113.9002","8.0938","125.0334","2.7401","114.9389","6.6188","124.2977","2.8769","116.0631","10.8152","129.7551","3.250045932","116.2574392","11.10476289","130.6122481","2.517423526","113.7935645","7.243266125","123.5542542","2.5531","114.7877","6.9656","124.31","1.687139159","115.2918585","8.568373286","125.5473709","1.752988458","113.2504405","11.84379665","126.8472256","2","99","19","121","2","98","18","118","2","94","16","112","2","94","16","112"
"Michigan","5.4731","104.2372","0.2149","109.9252","5.5462","105.4144","0.135","111.2628","5.8162","106.1847","0.141","112.1419","5.3923","110.1182","0.3047","115.8151","5.2695","110.3497","0.2622","115.8815","5.3336","112.2133","0.2548","117.8017","5.3771","112.9753","0.2592","118.6116","5.3834","113.5606","0.3831","119.3271","5.525415362","113.8091996","0.232927071","119.567542","5.300982176","115.6623463","1.203300859","122.1666294","5.262","115.8999","1.1978","122.36","5.054176258","116.02029","1.17680718","122.2512734","4.171289874","108.1090932","8.32911385","120.6094969","5","107","8","120","4","104","9","117","4","99","10","114","4","103","11","118"
"Minnesota","15.697","96.2685","N/A","111.9655","14.5018","101.1675","N/A","119.2807","14.7747","102.7764","N/A","117.5511","15.0054","104.1741","N/A","119.1795","14.5524","106.8627","N/A","121.4151","14.1268","108.8374","N/A","122.9643","14.7731","109.0034","0.1155","123.892","13.8556","108.9913","N/A","122.8469","13.47058587","108.7262807","N/A","122.1968666","13.29492577","109.2493414","N/A","122.5442672","12.4687","105.8508","0.0775","118.4","10.96357764","100.4198408","0.076827709","111.4602462","10.71082803","100.7018684","0.082658553","111.4953549","10","98","0","108","10","94","N/A","104","9","92","N/A","100","9","91","0","100"
"Mississippi","65.8686","51.0471","33.2588","150.1745","63.6429","50.6249","34.8566","153.1642","64.4732","52.6263","35.5049","152.6044","61.4201","51.8238","32.1533","145.3972","59.9405","51.8429","32.4995","144.2829","61.4696","52.4444","33.4267","147.3406","58.7561","52.2806","31.4331","142.4699","58.8694","53.3477","31.1292","143.3463","58.43972749","54.61998743","30.12623403","143.1859489","57.38599802","57.73903378","31.35420167","146.4792335","54.8619","52.2684","32.7453","139.88","54.37408839","50.15730449","31.13935319","135.6707461","53.69313478","49.27291981","29.21587113","132.1819257","53","49","27","129","52","50","25","127","50","52","23","125","51","46","22","119"
"Missouri","16.6036","106.8507","12.3944","135.8488","18.112","108.3645","11.4581","140.2903","18.47","111.4735","12.1106","142.0541","18.5225","110.3988","13.8336","142.7549","18.2389","111.8281","15.2696","145.3367","18.7628","106.4541","19.2205","144.4374","18.9518","105.5803","19.6938","144.2259","18.9138","104.977","18.441","142.3319","18.58647271","104.8399951","18.29778946","141.7242573","18.47931656","103.9056735","18.82902825","141.2140184","17.5742","102.3948","17.8312","137.8","17.39709494","103.3452514","16.23069558","136.9730419","17.81998421","101.987291","15.92948159","135.7367568","17","100","16","133","16","98","16","129","16","97","16","129","16","98","15","129"
"Montana","4.2763","106.5952","N/A","110.8715","2.8681","107.0225","N/A","113.6849","3.6591","110.4151","N/A","114.0742","2.8966","114.3719","N/A","117.2685","2.9984","113.5655","N/A","116.5639","3.0154","112.0097","N/A","115.025","2.9302","110.9596","N/A","113.8898","2.7271","109.2708","0.8312","112.8291","2.725865235","107.8381936","0.997013137","111.561072","2.365616946","104.0954098","0.807822031","107.2688488","2.1303","101.0955","0.7005","103.93","1.992132389","95.64052001","0.715512596","98.348165","2.508853154","91.89038026","0.788840365","95.18807378","2","90","1","93","2","91","1","94","1","89","1","91","1","81","8","90"
"Nebraska","14.8809","98.8123","6.0353","119.7285","14.3314","102.2388","5.7169","126.8901","14.3927","99.651","6.2007","120.2443","12.3318","101.257","5.7746","119.3635","11.7746","103.8426","6.1497","121.7669","11.5998","103.1376","6.0067","120.7441","12.5495","103.334","5.971","121.8545","11.5424","104.3773","6.1029","122.0225","11.76509703","102.8868386","6.29447906","120.9464147","11.52726593","102.0023581","7.017035841","120.5466599","11.3764","98.967","6.4037","116.75","10.16646917","96.69536486","7.291186929","114.153021","9.978645492","94.95644961","5.471074793","110.4061699","10","100","1","111","9","97","1","107","8","94","2","104","8","93","2","103"
"Nevada","22.2396","26.4706","60.4515","109.1616","19.4762","24.0176","55.3391","100.2718","21.873","23.7941","53.5597","99.2269","15.9131","30.7933","50.9459","97.6523","21.2625","29.8786","43.7747","94.9159","14.8536","30.7433","54.1087","99.7056","14.8278","32.2203","52.6891","99.7371","13.525","32.3592","52.674","98.5582","12.78678965","34.31886557","48.07977915","95.18543437","12.21819027","34.47280573","47.82488688","94.51588288","10.9391","34.7662","47.3171","93.02","10.29045619","33.05760984","45.86743828","89.21550431","9.983353113","33.76362302","48.09215199","91.83912813","12","28","55","95","11","27","53","91","11","26","54","90","10","26","55","91"
"New Hampshire","N/A","80.6979","10.1412","90.8392","N/A","79.8978","9.7672","89.7227","N/A","82.2972","9.8977","92.1949","N/A","82.5758","10.0133","92.5891","N/A","81.5532","9.8673","91.4205","N/A","80.0527","10.1049","90.1576","N/A","79.9193","9.9692","89.8885","N/A","80.6444","10.0357","90.6801","N/A","82.97513049","9.54988038","92.52501087","N/A","84.48473075","9.460825254","93.945556","N/A","83.4622","9.3668","92.83","N/A","81.81527523","9.295550666","91.1108259","N/A","83.32100224","9.515809219","92.83681146","N/A","81","10","91","N/A","80","10","90","N/A","78","10","88","0","80","11","91"
"New Jersey","2.1578","128.0714","1.0013","131.2305","2.7797","123.5479","0.9974","129.6463","2.158","124.2876","0.9983","127.444","2.0636","123.993","1.6109","127.6675","2.0495","124.275","1.8409","128.1655","2.1955","122.936","1.9522","127.0837","3.1694","122.3259","2.0108","127.5061","2.5157","123.4579","2.2392","128.2127","5.410365281","115.8107604","3.604569234","124.8256949","5.503383314","115.1989093","4.704043379","125.4063359","5.3765","117.6166","2.7353","125.73","5.104739762","112.6327369","3.520486674","121.2579633","3.751539513","110.4863702","4.704365353","118.942275","4","107","7","118","4","103","6","113","2","100","7","109","2","99","7","108"
"New Mexico","19.2167","60.356","14.5162","94.0889","19.6021","61.6422","14.0458","97.0115","21.6493","55.0618","13.202","89.9131","19.1934","58.3739","19.6448","97.2121","17.671","49.0551","21.4845","88.2106","17.8738","45.611","22.3877","85.8726","14.3018","40.0107","34.7573","89.0697","13.9927","40.5874","28.2042","82.7842","16.24232518","41.13426214","28.96267098","86.33925829","15.80158278","40.54283274","31.32029336","87.66470888","16.2539","36.2218","38.6416","91.12","16.54071867","40.57684377","32.95897445","90.07653689","15.04420607","37.3901824","31.80777746","84.24216592","15","38","33","85","14","36","29","80","16","35","32","84","15","38","32","85"
"New York","17.8318","112.1168","2.2919","132.2405","15.9637","108.1081","3.1099","131.3737","16.4958","107.2857","2.6104","126.3919","17.6354","109.8494","1.2604","128.7451","17.0169","112.0922","0.9702","130.0792","16.6316","113.3994","0.9691","131.0001","19.0059","111.8422","0.5352","131.3832","17.591","115.0656","0.7099","133.3665","22.58400457","108.4845269","0.590017613","131.658549","20.12026122","109.7051648","0.039912082","129.8653381","20.3864","109.2651","N/A","129.65","19.46397956","109.9679187","N/A","129.4318982","20.3423142","107.411355","N/A","127.7536692","20","105","N/A","125","18","100","N/A","119","18","97","N/A","115","18","95","0","113"
"North Carolina","33.2442","83.2582","5.1514","121.6537","32.4132","81.9705","5.7924","130.0971","33.2595","80.1513","5.3715","118.7824","31.9818","79.3253","5.0838","116.3909","30.6243","81.4529","5.152","117.2292","32.4161","80.2135","5.1584","117.788","31.9938","79.6621","5.1615","116.8174","31.3696","79.2113","3.9239","114.5048","31.05893457","78.29362042","4.090262566","113.4428176","30.99717166","77.52748041","4.150042597","112.6746947","30.1797","76.0676","3.9889","110.24","32.27789864","72.02393166","4.293128798","108.5949591","31.49391318","72.01570639","3.773454703","107.2830743","31","70","5","105","30","68","5","103","30","65","5","100","29","66","5","100"
"North Dakota","N/A","116.0832","21.1042","137.1874","N/A","117.818","21.3514","148.3891","N/A","129.4577","14.3929","143.8506","N/A","134.4369","14.8428","149.2796","N/A","139.1411","N/A","139.1411","N/A","138.3041","N/A","138.3041","N/A","137.8574","N/A","137.8574","N/A","139.204","N/A","139.204","N/A","138.6680006","0.472085225","139.1400858","N/A","136.5577367","2.547468823","139.1052055","N/A","140.8717","2.2741","143.15","N/A","137.8104341","2.198668938","140.0091031","N/A","135.3082922","2.152641879","137.4609341","N/A","130","2","133","N/A","129","2","131","N/A","123","2","125","0","120","2","122"
"Ohio","9.8893","108.5377","2.2716","120.6986","9.9837","111.7049","1.9078","121.758","10.6827","113.9032","1.8214","126.4073","11.2008","116.6186","1.5232","129.3425","10.8429","115.3967","1.228","127.4675","10.933","116.6292","1.2464","128.8085","11.2639","118.8334","1.6447","131.742","11.7036","120.6763","2.1629","134.5428","11.89962394","121.1077049","1.481828115","134.4891569","11.57392147","120.4766938","2.206006347","134.2566216","11.8281","118.4298","2.3873","132.65","11.77287252","114.2980407","5.385143889","131.4560571","11.1654035","113.171407","6.033355668","130.3701661","11","113","6","130","10","110","6","126","10","108","6","124","10","107","6","123"
"Oklahoma","28.4779","73.7489","20.1734","122.4001","26.1083","77.6425","20.432","131.2921","26.4832","78.081","20.8492","125.4134","27.0192","77.5806","23.1911","127.7909","26.6476","78.6281","23.0403","128.316","27.2768","73.978","27.841","129.0958","21.3369","72.9692","34.5966","128.9026","21.798","69.5498","35.579","126.9267","22.99273826","67.6346772","34.87364665","125.5010621","23.94028581","68.79645447","34.30794245","127.0446827","23.4751","57.6681","38.8427","119.99","22.60040801","55.48685143","35.98238244","114.0696419","21.7966298","54.37477191","35.924721","112.0961227","20","55","36","111","19","54","34","107","17","51","34","102","17","51","33","101"
"Oregon","12.0076","81.6289","2.1998","95.8363","12.1555","81.8394","2.1754","97.0399","10.9721","83.114","2.3429","96.429","10.7535","84.848","2.4549","98.0563","11.1087","81.9394","2.9818","96.0298","10.9396","81.2012","2.8947","95.0355","10.8509","78.6362","2.8968","92.3839","11.2355","78.4626","2.833","92.5311","11.35117033","78.3214208","2.94733359","92.61992472","11.63735256","77.58728477","2.924669924","92.14930725","10.9417","70.8989","2.781","84.62","10.99126664","69.99687676","2.715320854","83.70346425","10.43759302","75.50121774","2.641518897","88.58032965","10","73","3","86","10","73","3","86","10","71","2","83","10","73","3","86"
"Pennsylvania","0.0533","144.9602","1.3119","146.3254","0.3283","143.996","1.871","150.2148","0.3273","143.3362","3.3911","147.0546","0.2814","141.4182","4.1572","145.8568","0.2364","140.8554","6.3633","147.4551","0.1712","140.8665","7.9563","148.994","0.196","141.5146","8.4907","150.2013","0.1942","140.9026","9.3739","150.4707","0.192957463","140.6133071","10.43747856","151.2437432","1.269181358","139.0900696","10.95073772","151.3099887","0.1827","134.6368","11.28","146.1","0.163655433","130.8805213","11.36240787","142.4065846","0.154818585","125.7612633","12.67448674","138.5905686","0","119","13","133","0","116","13","128","0","110","14","124","0","109","14","123"
"Rhode Island","N/A","118.2486","N/A","118.2486","N/A","113.3283","N/A","127.4068","N/A","114.1661","N/A","114.1661","N/A","114.891","N/A","114.891","N/A","114.0171","N/A","114.0171","N/A","116.035","N/A","116.035","N/A","117.941","N/A","117.941","N/A","119.7947","N/A","119.7947","N/A","121.4928268","N/A","121.4928268","N/A","120.9423428","N/A","120.9423428","N/A","120.3569","N/A","120.36","N/A","117.000321","N/A","117.000321","N/A","114.6028253","N/A","114.6028253","N/A","111","N/A","111","N/A","100","6","106","N/A","99","6","105","0","102","6","108"
"South Carolina","40.617","49.5034","33.1345","123.2549","32.3161","58.1378","32.6865","131.5447","33.2606","58.6319","32.5697","124.4622","31.8456","63.5596","29.6349","125.0401","30.5454","61.6437","29.8931","122.0822","31.6585","63.1233","27.4004","122.1823","33.9765","59.0485","31.3287","124.3537","32.632","55.0654","32.8015","120.4988","31.43492458","55.41336781","30.89859154","117.7468839","29.88288536","58.2655309","29.29309303","117.4415093","28.2894","57.9987","29.5145","115.8","27.38922661","56.54796312","28.82334062","112.7605304","29.5650998","51.12737164","28.14855645","108.8410279","29","50","28","107","28","50","26","104","29","47","27","103","31","49","26","106"
"South Dakota","6.0617","126.6782","N/A","132.7399","5.2747","125.0815","N/A","141.8438","4.5268","127.9829","4.5426","137.0523","4.1529","122.6334","4.9024","131.6888","4.0371","125.328","5.2712","134.6363","3.3648","125.7129","5.2231","134.3008","3.3915","121.4157","6.9894","131.7967","3.1504","113.2983","6.5291","122.9779","3.014265009","115.5254743","6.967975946","125.5077153","3.083780384","115.7965128","8.045671272","126.9259644","2.3646","115.645","7.9593","125.97","2.75089012","114.4081238","6.70207958","123.8610935","2.547374735","114.517729","6.620988765","123.6860925","2","118","9","130","3","110","8","121","3","107","7","117","3","107","7","117"
"Tennessee","26.7331","82.7118","27.6059","137.0508","22.3394","80.9005","26.0527","132.6884","22.9343","81.1696","26.6862","130.7901","24.5192","85.6476","27.5441","137.7109","24.1396","86.3172","28.6169","139.0738","24.4812","86.3866","29.1674","140.0352","23.1571","85.4585","30.6192","139.2348","23.2087","84.1706","33.0843","140.4636","22.23099674","98.12726551","37.1546923","157.5129545","25.78930129","75.83644529","36.07957495","137.7053215","25.1024","75.3411","36.0171","136.46","19.38194059","75.55274216","36.03393291","130.9686157","19.56283858","69.10042475","37.24795841","125.9112217","20","69","39","128","19","69","38","126","19","69","38","125","19","70","37","126"
"Texas","19.5662","58.8915","36.4333","114.891","18.962","57.4436","36.5648","115.0954","19.0587","58.6677","37.5945","115.3209","19.1133","59.5891","37.8652","116.5676","18.7798","59.143","37.4584","115.3812","18.8179","57.0226","36.1552","111.9958","18.8028","55.6827","34.9493","109.4349","18.8652","52.1924","36.9817","108.0393","17.99640903","51.44534182","33.80748633","103.2492372","17.16425372","51.25432588","37.96922272","106.3878023","15.9583","51.0852","38.735","105.78","15.79630198","49.89984208","36.46917063","102.1653147","14.86213715","49.29478556","34.73157422","98.88849693","14","48","36","98","13","47","35","95","13","45","35","93","13","45","35","93"
"Utah","11.0051","51.4711","26.4649","88.9411","9.3173","50.9859","26.204","88.0754","10.9664","53.9851","24.1157","89.0673","9.185","53.3041","26.4987","88.9878","9.5658","54.2647","27.6436","91.4741","9.7426","53.0659","27.6696","90.4781","9.6597","52.5223","27.3582","89.5402","9.8894","48.8611","26.8269","85.5774","10.43121274","49.07100437","25.16434623","84.66656334","10.66972508","48.51351664","23.81915293","83.00239464","10.4555","48.2042","22.5877","81.25","9.143988282","46.72733605","24.90177272","80.77309705","9.379795739","50.82351252","23.69928086","83.90258913","9","51","25","85","9","47","23","79","9","47","22","78","9","47","23","79"
"Vermont","N/A","85.593","N/A","85.593","N/A","85.9325","N/A","83.1411","N/A","89.2461","N/A","89.2461","N/A","84.7426","N/A","84.7426","N/A","83.721","N/A","83.721","N/A","85.0776","N/A","85.0776","N/A","82.6335","N/A","82.6335","N/A","81.1917","N/A","81.1917","N/A","80.30853725","N/A","80.30853725","N/A","82.60378811","N/A","82.60378811","N/A","81.8998","N/A","81.9","N/A","78.99706052","N/A","78.99706052","N/A","78.10664675","N/A","78.10664675","N/A","78","N/A","78","N/A","77","N/A","77","N/A","73","N/A","73","0","76","0","76"
"Virginia","12.5814","75.9237","16.8073","105.3124","11.9137","71.4717","18.9069","105.5921","11.9628","72.9198","18.5545","103.4371","11.7231","74.3584","16.3751","102.4566","9.8539","73.2082","19.8882","102.9503","9.8273","73.1966","19.9634","102.9873","9.7212","72.1978","21.2049","103.1239","9.7513","71.9056","20.2613","101.9181","9.946200064","72.71918861","19.42352599","102.0889147","9.793950913","72.88493865","19.37816339","102.057053","9.6593","72.7296","18.2309","100.62","9.340632706","69.27607885","18.17021298","96.78692453","9.469072541","70.66348288","17.15318524","97.28574066","9","69","19","97","9","68","17","94","9","66","18","93","9","67","18","94"
"Washington","19.3961","63.7017","2.1399","85.2377","19.2538","63.6879","2.4639","86.6575","19.8933","65.2416","2.0743","87.2092","19.745","63.7119","2.0148","85.4717","18.318","62.8366","2.9938","84.1484","19.5668","62.2077","3.3135","85.088","19.4386","63.9381","2.977","86.3537","19.8569","64.2233","3.2465","87.3267","20.0051821","65.48163819","3.278078246","88.76489853","19.85281004","64.93546447","3.370355462","88.15862998","19.5734","65.6396","3.1531","88.37","18.03025756","66.19694044","3.081772159","87.30897016","17.62850552","62.88732362","3.932573648","84.4484028","17","64","6","87","17","64","5","86","16","59","6","82","17","60","6","83"
"West Virginia","10.8648","124.555","24.7564","160.1763","10.8791","124.3915","24.1334","162.1535","11.2625","129.2916","24.3395","164.8936","10.4588","128.303","24.6897","163.4515","10.3294","124.7483","28.3774","163.455","10.3959","126.0706","27.9193","164.3857","9.7349","124.4486","26.7441","160.9276","9.7744","120.8869","25.1225","155.7838","9.42310717","125.8264879","23.07626508","158.3258602","9.313048351","124.380053","22.61149954","156.3046009","9.3275","122.609","22.067","154","7.743909971","120.437029","21.88651075","150.0674497","7.874244976","122.8260377","21.43340802","152.1336907","8","121","20","149","7","116","19","143","7","111","20","139","7","111","20","138"
"Wisconsin","0.2754","104.9955","0.1177","105.3886","0.2847","103.4873","0.1288","103.204","0.2823","106.7401","0.1143","107.1367","0.2951","106.1694","0.1279","106.5924","0.3253","106.9709","0.2","107.4963","0.3391","103.7132","4.7037","108.756","0.3112","108.638","1.7072","110.6564","0.2907","107.0081","2.0041","109.3029","0.282595811","107.0652523","2.147942388","109.4957905","0.275960843","107.5923882","1.822087885","109.690437","0.238","105.3743","2.1424","107.75","0.23036183","101.2646706","1.929170502","103.424203","0.180390249","98.60568846","1.580428744","100.3665075","0","99","2","101","0","96","2","99","0","94","2","96","0","91","2","93"
"Wyoming","57.5394","25.8152","10.9153","94.2698","59.351","27.2427","10.2575","98.3364","60.0826","26.5616","9.7403","96.3846","61.8728","27.0493","9.7107","98.6328","65.3282","29.0972","10.3563","104.7816","64.1428","25.227","10.4727","99.8425","64.1767","25.1966","11.2559","100.6293","65.5437","24.6823","12.3294","102.5554","64.70554482","25.2644263","11.54868695","101.5186581","62.16169057","25.38739655","11.1936448","98.74273192","60.8558","24.8865","10.2247","95.97","56.75867201","21.63838004","9.658788931","88.05584098","51.85104238","20.22187128","8.470871904","80.54378556","48","20","8","77","49","20","8","77","45","19","7","71","48","18","6","72"

"Notes"
"Data are for community hospitals, which represent 85% of all hospitals. Federal hospitals, long term care hospitals, psychiatric hospitals, institutions for the mentally retarded, and alcoholism and other chemical dependency hospitals are not included."
""
"Figures may not sum to totals due to rounding."

"Sources"
"1999 - 2015 AHA Annual Survey, Copyright 2016 by Health Forum, LLC, an affiliate of the American Hospital Association. Special data request, 2016. Available at [http://www.ahaonlinestore.com](http://www.ahaonlinestore.com/ProductDisplay.asp?ProductID=637)."
""
"Population data from Annual Population Estimates by State, U.S. Census Bureau; available at [http://www.census.gov/popest/](http://www.census.gov/popest/)."

"Definitions"
"*Community Hospitals*: All nonfederal, short-term general, and specialty hospitals whose facilities and services are available to the public."
""
"*N/A*: Not applicable when state/local government, non-profit, or for-profit hospitals do not exist in the state."


